<?xml version="1.0" encoding="utf-8"?>
<ApplicationInstallerManifest>
   <DefaultInstallationDirectory>/Applications/Backyard_Brains/SpikerBot/</DefaultInstallationDirectory>
   <ApplicationName>SpikerBot</ApplicationName>
   <ExecutableName>application/SpikerBot.exe</ExecutableName>
   <GUID>45fafb2d-c60b-4028-867a-1b6f2315bb61</GUID>
   <ApplicationIcon>icon_48.png</ApplicationIcon>
   <Logo>default_logo.png</Logo>
   <Version>1.0</Version>
   <InstallationNotes>In the following directions, replace MR/v912 by the directory on the target machine where MATLAB is installed, or MR by the directory where the MATLAB Runtime is installed.

If the environment variable DYLD_LIBRARY_PATH is undefined, set it to the following string:

MR/v912/runtime/maci64:MR/v912/sys/os/maci64:MR/v912/bin/maci64

If it is defined, set it to the following:

${DYLD_LIBRARY_PATH}:MR/v912/runtime/maci64:MR/v912/sys/os/maci64:MR/v912/bin/maci64
</InstallationNotes>
   <AuthorOrganization>Backyard Brains</AuthorOrganization>
   <Summary>Let's build brains together!</Summary>
   <WelcomePanelText>SpikerBot 1.0
Let's build brains together!

This is a compiled version of the SpikerBot app. It is configured for use with RAK5206 or RAK5270 SpikerBots. Visit github.com/backyardbrains/neurorobot for more information.

Christopher Harris
christopher@backyardbrains.com</WelcomePanelText>
   <MCRProducts>
      <MCRProduct>
         <ExternalProductIdentifier>35000</ExternalProductIdentifier>
      </MCRProduct>
      <MCRProduct>
         <ExternalProductIdentifier>35003</ExternalProductIdentifier>
      </MCRProduct>
      <MCRProduct>
         <ExternalProductIdentifier>35010</ExternalProductIdentifier>
      </MCRProduct>
      <MCRProduct>
         <ExternalProductIdentifier>35112</ExternalProductIdentifier>
      </MCRProduct>
      <MCRProduct>
         <ExternalProductIdentifier>35117</ExternalProductIdentifier>
      </MCRProduct>
      <MCRProduct>
         <ExternalProductIdentifier>35178</ExternalProductIdentifier>
      </MCRProduct>
   </MCRProducts>
</ApplicationInstallerManifest>